,loss,accuracy,val_loss,val_accuracy
0,0.12414762377738953,0.9486737847328186,0.509235680103302,0.8694105744361877
1,0.023290932178497314,0.9962108135223389,0.6677342653274536,0.8719512224197388
2,0.014190170913934708,0.9970719814300537,1.1621651649475098,0.8246951103210449
3,0.015055883675813675,0.9986221194267273,0.8968814611434937,0.8516260385513306
4,0.010286161676049232,0.9986221194267273,1.3973222970962524,0.8592479825019836
